client_id	path	audio	sentence	up_votes	down_votes	age	gender	accent	locale	segment	variant
4514be746f8e2ce9f1a0727e232fe448a046755bd0384c2501826a6fc6a4957d54c2f36faa080ac1dc8cc0735e1714f6bcf119c100325c8c0cdecafb72fd0987	/home/wilke18/.cache/huggingface/datasets/downloads/extracted/355848ae0d047d35b7152486f75916fb2a17577ee1f55ad8f9aa83a6df62ad03/en_train_0/common_voice_en_99418.mp3	{'bytes': None, 'path': '/home/wilke18/.cache/huggingface/datasets/downloads/extracted/355848ae0d047d35b7152486f75916fb2a17577ee1f55ad8f9aa83a6df62ad03/en_train_0/common_voice_en_99418.mp3'}	A blue and black trampoline with two children sitting on it one smiling is in front of a couple kissing and a large white and orange tent with numerous tables and people	2	0				en		
daee206de2c178ff1e82c283e24ac8b65e3663128219cabae7ce6cc40f6802e6f324593e94cf8860ef56cf220726ae2afdeb6b2c6fec18b10bf3b06595e71a6a	/home/wilke18/.cache/huggingface/datasets/downloads/extracted/c68b9aa74a6245b959c808e0725a6850e8242a90a3c95e631942105630be39dd/en_train_1/common_voice_en_26133083.mp3	{'bytes': None, 'path': '/home/wilke18/.cache/huggingface/datasets/downloads/extracted/c68b9aa74a6245b959c808e0725a6850e8242a90a3c95e631942105630be39dd/en_train_1/common_voice_en_26133083.mp3'}	The maximum percentage of absenteeism to receive the loyalty payment will be two per cent by the years two thousand and sixteen, two thousand and seventeen and two thousand and eighteen.	2	1	teens	male		en		
fbed6719b3ac45099a4da454b825f011c36807a8f3c880f65e0f9b12a3b83c3d0220177bf80e93461d2fc5fa73903c5bbce749be73c9fc1bc229fa3f85246d8f	/home/wilke18/.cache/huggingface/datasets/downloads/extracted/c68b9aa74a6245b959c808e0725a6850e8242a90a3c95e631942105630be39dd/en_train_1/common_voice_en_580047.mp3	{'bytes': None, 'path': '/home/wilke18/.cache/huggingface/datasets/downloads/extracted/c68b9aa74a6245b959c808e0725a6850e8242a90a3c95e631942105630be39dd/en_train_1/common_voice_en_580047.mp3'}	A woman wearing a red coat stands on a wood floor in front of several paintings while two girls sit on the floor at her feet	2	0				en		
fbed6719b3ac45099a4da454b825f011c36807a8f3c880f65e0f9b12a3b83c3d0220177bf80e93461d2fc5fa73903c5bbce749be73c9fc1bc229fa3f85246d8f	/home/wilke18/.cache/huggingface/datasets/downloads/extracted/c68b9aa74a6245b959c808e0725a6850e8242a90a3c95e631942105630be39dd/en_train_1/common_voice_en_580048.mp3	{'bytes': None, 'path': '/home/wilke18/.cache/huggingface/datasets/downloads/extracted/c68b9aa74a6245b959c808e0725a6850e8242a90a3c95e631942105630be39dd/en_train_1/common_voice_en_580048.mp3'}	A woman in a red striped shirt and red shorts is holding a white bag while sitting with several people behind her and one person beside her	2	1				en		
9d5395381b65b2e58f0b9d6000a576a20f9d09e240cfbdd4ddba4e0d3c5d124616a23ea36f0a0af31bcd43de6a7a38f479428bcd41feae7b16c9b320d4d5c1a6	/home/wilke18/.cache/huggingface/datasets/downloads/extracted/c68b9aa74a6245b959c808e0725a6850e8242a90a3c95e631942105630be39dd/en_train_1/common_voice_en_120797.mp3	{'bytes': None, 'path': '/home/wilke18/.cache/huggingface/datasets/downloads/extracted/c68b9aa74a6245b959c808e0725a6850e8242a90a3c95e631942105630be39dd/en_train_1/common_voice_en_120797.mp3'}	A woman in a red tank tee black shorts white and black socks with white sneakers is playing tennis but she is kneeing on the ground	3	0				en		
21277d06ebe965bf90ef2e7b54c092f7b888c0e60f9a52f76373ff9e2768e5b6f91a9632810881a5a2d74385704780ef18c8d04c3b97ba929a198438cb20ba6a	/home/wilke18/.cache/huggingface/datasets/downloads/extracted/c68b9aa74a6245b959c808e0725a6850e8242a90a3c95e631942105630be39dd/en_train_1/common_voice_en_198775.mp3	{'bytes': None, 'path': '/home/wilke18/.cache/huggingface/datasets/downloads/extracted/c68b9aa74a6245b959c808e0725a6850e8242a90a3c95e631942105630be39dd/en_train_1/common_voice_en_198775.mp3'}	Two boys are in a canoe on a very calm ocean or large lake while behind them is a larger motor boat with an adult standing on the deck	2	1				en		
6a0c59a2772f6d3eb6dfcad861b328fc96328a0b829ae80429ccc5914011cff26b18618a728db4aa83e59490874eb6bfc7ee788be8db2f02720354e6fef38d08	/home/wilke18/.cache/huggingface/datasets/downloads/extracted/b7c5efda1b38ebf82a427af8443a8ef5aa7e2095cf3808d19328f6f78cbd1cb4/en_train_2/common_voice_en_22235.mp3	{'bytes': None, 'path': '/home/wilke18/.cache/huggingface/datasets/downloads/extracted/b7c5efda1b38ebf82a427af8443a8ef5aa7e2095cf3808d19328f6f78cbd1cb4/en_train_2/common_voice_en_22235.mp3'}	One man wearing camouflage pants and green tshirt stands with one foot on a square while another man wearing the same type of clothing reaches out with a baseball glove on his left hand	2	1	twenties	female		en		
600294791c677b13b356a18428b9e2a197a1fd42776e7c32820014f79b00f6f2f5ab1def8e00d13e5ded57a1977ada93aef14da1d25cfd0c76a74a0f6f6a59d7	/home/wilke18/.cache/huggingface/datasets/downloads/extracted/b7c5efda1b38ebf82a427af8443a8ef5aa7e2095cf3808d19328f6f78cbd1cb4/en_train_2/common_voice_en_599008.mp3	{'bytes': None, 'path': '/home/wilke18/.cache/huggingface/datasets/downloads/extracted/b7c5efda1b38ebf82a427af8443a8ef5aa7e2095cf3808d19328f6f78cbd1cb4/en_train_2/common_voice_en_599008.mp3'}	If I was at a party where there was drinking involved, I could call him and he would come pick me up and take me home.	2	0				en		
eb60b9c6b23246a0ad73410aa0b726b3e0bbb684b7aba6e0052e6248b161fbd381bdf782d9c819716f0e77561cd42b81ee933d55a4735c734c25cee8cca33fb0	/home/wilke18/.cache/huggingface/datasets/downloads/extracted/b7c5efda1b38ebf82a427af8443a8ef5aa7e2095cf3808d19328f6f78cbd1cb4/en_train_2/common_voice_en_25932331.mp3	{'bytes': None, 'path': '/home/wilke18/.cache/huggingface/datasets/downloads/extracted/b7c5efda1b38ebf82a427af8443a8ef5aa7e2095cf3808d19328f6f78cbd1cb4/en_train_2/common_voice_en_25932331.mp3'}	Even though there’s no guarantee that Russia isn’t planning on hitting the Baltic states, the general stance is that the current drills will not change today’s situation.	2	0				en		
67255513a4aaaa1a4f9e80c137b1d57223816d32c48a51f071acece5548b5d25bbfe641c3b2ccd5fb6ceacd74a728290e7b8922c75a6f0290f993de6fbac31a4	/home/wilke18/.cache/huggingface/datasets/downloads/extracted/535aeb0a2613ec797caf96a09a3e97a6782fe974ea57b329a111508165e967e1/en_train_3/common_voice_en_26201637.mp3	{'bytes': None, 'path': '/home/wilke18/.cache/huggingface/datasets/downloads/extracted/535aeb0a2613ec797caf96a09a3e97a6782fe974ea57b329a111508165e967e1/en_train_3/common_voice_en_26201637.mp3'}	An Athens school, an amphitheater-like outdoors classroom which was designed by student Hans Hubert Sams and architect Emil Urbel, was opened at Rocca al Mare school.	2	0				en		
b8cae28784eab0af74c8084acecb17fe82c0eb0172b72810e41c60488b668cea42f1186c019bcd92a596c2262f2c7ada36e74c3a34c3e934add8776503fe6ee0	/home/wilke18/.cache/huggingface/datasets/downloads/extracted/535aeb0a2613ec797caf96a09a3e97a6782fe974ea57b329a111508165e967e1/en_train_3/common_voice_en_45621.mp3	{'bytes': None, 'path': '/home/wilke18/.cache/huggingface/datasets/downloads/extracted/535aeb0a2613ec797caf96a09a3e97a6782fe974ea57b329a111508165e967e1/en_train_3/common_voice_en_45621.mp3'}	Two men in same clothing man on right in a fighting stance with the one on left in a submissive stance having his hands in the air	3	1	thirties	male		en		
f4f8b8c4181e328b98087ee7ef2f4071bb529ee11b7d9e8ddfb4ccc09396877d5c0edf71cb894e54e1586fc966d5c24bb8f1860d180b3e904ae0a1eeb4e75b0b	/home/wilke18/.cache/huggingface/datasets/downloads/extracted/535aeb0a2613ec797caf96a09a3e97a6782fe974ea57b329a111508165e967e1/en_train_3/common_voice_en_477998.mp3	{'bytes': None, 'path': '/home/wilke18/.cache/huggingface/datasets/downloads/extracted/535aeb0a2613ec797caf96a09a3e97a6782fe974ea57b329a111508165e967e1/en_train_3/common_voice_en_477998.mp3'}	Football players in blue and yellow uniforms with orange numbers are trying to keep the ball from the approaching players dressed in white uniforms with red numbers	2	0	twenties	male	United States English	en		
edd77062a4d762c40a4a1ea5f58163ad2531b3a7de8583c71e632a48f88b4f9988b1f61e656df85dbde75750656a88500c64b464257950015b1082c7846a0efe	/home/wilke18/.cache/huggingface/datasets/downloads/extracted/535aeb0a2613ec797caf96a09a3e97a6782fe974ea57b329a111508165e967e1/en_train_3/common_voice_en_657591.mp3	{'bytes': None, 'path': '/home/wilke18/.cache/huggingface/datasets/downloads/extracted/535aeb0a2613ec797caf96a09a3e97a6782fe974ea57b329a111508165e967e1/en_train_3/common_voice_en_657591.mp3'}	A man in a gray sweatshirt and blue jeans is pulling on a rope while a guy in a white shirt and black jeans watches him	2	0				en		
77106b3d5604cc8c07ed7bb8ade3702707e4110fce88da4e1cb1c49a4674d63c78b9ff54bfc9b777ca2641ce4f2863ed5a4925456f76caafc86c6994fe3a249f	/home/wilke18/.cache/huggingface/datasets/downloads/extracted/535aeb0a2613ec797caf96a09a3e97a6782fe974ea57b329a111508165e967e1/en_train_3/common_voice_en_124789.mp3	{'bytes': None, 'path': '/home/wilke18/.cache/huggingface/datasets/downloads/extracted/535aeb0a2613ec797caf96a09a3e97a6782fe974ea57b329a111508165e967e1/en_train_3/common_voice_en_124789.mp3'}	A man in a light colored tshirt and jeans looks very animated while a woman in a blue and white striped shirt and overalls is preparing food	3	0	fifties	male	United States English	en		
82c43cb1ace413541c1b18269999a44c0e227d726d3119bd2a7f181c2d3813629360ef14695f42ad4fe464d298bc6d71001171424b575e18c4569a52e722e620	/home/wilke18/.cache/huggingface/datasets/downloads/extracted/535aeb0a2613ec797caf96a09a3e97a6782fe974ea57b329a111508165e967e1/en_train_3/common_voice_en_26229747.mp3	{'bytes': None, 'path': '/home/wilke18/.cache/huggingface/datasets/downloads/extracted/535aeb0a2613ec797caf96a09a3e97a6782fe974ea57b329a111508165e967e1/en_train_3/common_voice_en_26229747.mp3'}	There are no organic entrepreneurs among the members of our association, because an organic production company must be approved by the Agricultural Board, and it is not easy to fill the requirements.	2	1	thirties	male		en		
a97f1f708bb7fa7492bbbe6521312ff740504a42496eabeab175e1bb9a4bd7c4df9590328824b589a74ccfc06b90a5bae553f763163ec9dd6969289d4850541f	/home/wilke18/.cache/huggingface/datasets/downloads/extracted/535aeb0a2613ec797caf96a09a3e97a6782fe974ea57b329a111508165e967e1/en_train_3/common_voice_en_25970349.mp3	{'bytes': None, 'path': '/home/wilke18/.cache/huggingface/datasets/downloads/extracted/535aeb0a2613ec797caf96a09a3e97a6782fe974ea57b329a111508165e967e1/en_train_3/common_voice_en_25970349.mp3'}	After that, he moved to be the censor of Henan Province, and was relegated to his hometown because of his opinions, and rebuilt Nanyuan She with Chen Zizhuang.	2	0	teens	female		en		
59e30d0c07dc567c5f038999246bd3d8abf89c9cba2d8baa94271a966292229557e9c9126aa0714e1d2645144f4163e51aed97c0d1c885aa985548a1ba1721c2	/home/wilke18/.cache/huggingface/datasets/downloads/extracted/0ce9397cf730f5faccebae14a05ad4a48c9071d0893b00e239ccfafe12a50a30/en_train_4/common_voice_en_499000.mp3	{'bytes': None, 'path': '/home/wilke18/.cache/huggingface/datasets/downloads/extracted/0ce9397cf730f5faccebae14a05ad4a48c9071d0893b00e239ccfafe12a50a30/en_train_4/common_voice_en_499000.mp3'}	A hockey game in an ATT stadium one man is wearing a black and yellow jersey the other is wearing red and white while the referee stands between them	2	0	thirties	male	United States English	en		
6b189c7dd6d6b4c2e6dcb89bda8777db4f8dd9eb766e036d9cf6db85110dd69f80b28f7d367b4df89b35dd47173fd4d5664dd95a2ae2b787a54282cde9ea426d	/home/wilke18/.cache/huggingface/datasets/downloads/extracted/0ce9397cf730f5faccebae14a05ad4a48c9071d0893b00e239ccfafe12a50a30/en_train_4/common_voice_en_162528.mp3	{'bytes': None, 'path': '/home/wilke18/.cache/huggingface/datasets/downloads/extracted/0ce9397cf730f5faccebae14a05ad4a48c9071d0893b00e239ccfafe12a50a30/en_train_4/common_voice_en_162528.mp3'}	A young girl wearing a yellow dress standing in what appears to be the middle of a field blowing upon a flower distributing its spores everywhere	3	1	twenties	male	United States English	en		
55d5e48790afbe311a818e0fb4f787e2203725c648e9817ad204cb4063f358462a427ab756d9a30760e5567f1718970a7507dbb5f6c8667caf8a8c36ec40c4a4	/home/wilke18/.cache/huggingface/datasets/downloads/extracted/2e27d200b9ccf4544cf8400aa47e82e2dfd417201f14f225e014d2c40d220fbc/en_train_5/common_voice_en_111929.mp3	{'bytes': None, 'path': '/home/wilke18/.cache/huggingface/datasets/downloads/extracted/2e27d200b9ccf4544cf8400aa47e82e2dfd417201f14f225e014d2c40d220fbc/en_train_5/common_voice_en_111929.mp3'}	A woman leaning over to help a child in a stroller with a man laying down on a park bench and another sitting on a bench	2	0	twenties	female	United States English	en		
b1b27fc46d712530dde8926db336c2794b29b1691f4f021965026315a0bfa21b3a93dd7e36982c13c2b97bc1b6389a92fe836187de80f42d76eb08110af6e48e	/home/wilke18/.cache/huggingface/datasets/downloads/extracted/bf67fa40c8abf6d766eb6945502e35d5f6128a30d2eec01193ebdc0dc4c42d5f/en_train_6/common_voice_en_26141546.mp3	{'bytes': None, 'path': '/home/wilke18/.cache/huggingface/datasets/downloads/extracted/bf67fa40c8abf6d766eb6945502e35d5f6128a30d2eec01193ebdc0dc4c42d5f/en_train_6/common_voice_en_26141546.mp3'}	But actually I did not bother myself and did not work, everyone who said to do some work, I would say I am lazy, do not want work from me.	2	0				en		
a66e36fe7640b14b9798540cfee0385da8a6b43808100ff3e615d2f3e2b130f7274f1fa1ad5a2ae61d9b048d81d7476f480053c9463d6b939ae34f368d1efe3b	/home/wilke18/.cache/huggingface/datasets/downloads/extracted/bf67fa40c8abf6d766eb6945502e35d5f6128a30d2eec01193ebdc0dc4c42d5f/en_train_6/common_voice_en_39048.mp3	{'bytes': None, 'path': '/home/wilke18/.cache/huggingface/datasets/downloads/extracted/bf67fa40c8abf6d766eb6945502e35d5f6128a30d2eec01193ebdc0dc4c42d5f/en_train_6/common_voice_en_39048.mp3'}	A young boy wearing a black shirt brown pants and a black watch has his hand on a white folded chair which is on the top of a large stack of similar folding chairs	3	1	twenties	male		en		
06c161de972325e319734c2f1c3d961969e48b0fe4024567d250c99de5f0f239290a609c02d2f8bfdc1f124cd7956f9b836a44d0b7777be8eaf0c896818fd701	/home/wilke18/.cache/huggingface/datasets/downloads/extracted/bf67fa40c8abf6d766eb6945502e35d5f6128a30d2eec01193ebdc0dc4c42d5f/en_train_6/common_voice_en_529928.mp3	{'bytes': None, 'path': '/home/wilke18/.cache/huggingface/datasets/downloads/extracted/bf67fa40c8abf6d766eb6945502e35d5f6128a30d2eec01193ebdc0dc4c42d5f/en_train_6/common_voice_en_529928.mp3'}	A darkhaired woman with a small star tattoo on her arm wears a gray tshirt and jeans and checks her cellphone while sitting at a small table with a book and a cold drink	2	0	thirties	male	Canadian English	en		
a811d81068b31a2c0a7ecf8561d76b9ad7f2d8fcf992b398b157a6ca28fa3c2c96faca1ce7416071b2dfdaa1ef86d61393fdbb50c48857a49a04bae574e45209	/home/wilke18/.cache/huggingface/datasets/downloads/extracted/bf67fa40c8abf6d766eb6945502e35d5f6128a30d2eec01193ebdc0dc4c42d5f/en_train_6/common_voice_en_62771.mp3	{'bytes': None, 'path': '/home/wilke18/.cache/huggingface/datasets/downloads/extracted/bf67fa40c8abf6d766eb6945502e35d5f6128a30d2eec01193ebdc0dc4c42d5f/en_train_6/common_voice_en_62771.mp3'}	In front of a Penney s store a metal sculpture depicts a man dressed in a suit and top hat holding broom and pushing a wheelbarrow containing a suitcase a bucket and another object	2	0	thirties	male		en		
7ccd6addb444d6f2f912ec5ea9760b1a1e75a8b7d611c387e77bd2c3e26516a09b5c0b6bf2bc891f1c00d961fb47c62906af5f45b6d76fb3218adacd93e2e981	/home/wilke18/.cache/huggingface/datasets/downloads/extracted/a6a8697130ffd54bb31a1b3be1579952f5aef0d6dae052f1818b593971175379/en_train_7/common_voice_en_25911297.mp3	{'bytes': None, 'path': '/home/wilke18/.cache/huggingface/datasets/downloads/extracted/a6a8697130ffd54bb31a1b3be1579952f5aef0d6dae052f1818b593971175379/en_train_7/common_voice_en_25911297.mp3'}	Eric Valentine Gordon was a Canadian linguist who used to be a teacher at the University of Leeds and the University of Manchester in the United Kingdom.	2	1			United States English	en		
eef6437a1630a0f322bf22f6d98a2e488d6d0ec29c9ebbb22f6e8168bb4f8f4ecb50d0242091be84d73383ce34ca7b619352e7028f0f5d11d6c7f12b6ef0037d	/home/wilke18/.cache/huggingface/datasets/downloads/extracted/a6a8697130ffd54bb31a1b3be1579952f5aef0d6dae052f1818b593971175379/en_train_7/common_voice_en_25986196.mp3	{'bytes': None, 'path': '/home/wilke18/.cache/huggingface/datasets/downloads/extracted/a6a8697130ffd54bb31a1b3be1579952f5aef0d6dae052f1818b593971175379/en_train_7/common_voice_en_25986196.mp3'}	Our current knowledge is from a study, based on which we can say that the option passing through Tartu would be considerably more expensive, since a longer railway would cost more to the constructors, the maintainer and the user.	2	1				en		
19e4a7adc910129b49d5a39786a74d0578049f61b2e0175b3fd815c441049cdf74952090a16127a7878dc0a88bb558745fd5cc30cdb7ffebdba471dea29b8773	/home/wilke18/.cache/huggingface/datasets/downloads/extracted/a6a8697130ffd54bb31a1b3be1579952f5aef0d6dae052f1818b593971175379/en_train_7/common_voice_en_26140712.mp3	{'bytes': None, 'path': '/home/wilke18/.cache/huggingface/datasets/downloads/extracted/a6a8697130ffd54bb31a1b3be1579952f5aef0d6dae052f1818b593971175379/en_train_7/common_voice_en_26140712.mp3'}	Unfortunately, this truth has no benefit if the patient tells his concern to the doctor at the right time, but it will be possible to receive treatment only months, if not years later.	2	0				en		
24229cb6614462aecabad3d3a54bdbc8eab0df4d7162e77f1bcc0395698aa6ddd1c8da813a92b329df50efec7e3a74764ebd256cb39e0b925bbebc4ef82bf708	/home/wilke18/.cache/huggingface/datasets/downloads/extracted/a6a8697130ffd54bb31a1b3be1579952f5aef0d6dae052f1818b593971175379/en_train_7/common_voice_en_25960996.mp3	{'bytes': None, 'path': '/home/wilke18/.cache/huggingface/datasets/downloads/extracted/a6a8697130ffd54bb31a1b3be1579952f5aef0d6dae052f1818b593971175379/en_train_7/common_voice_en_25960996.mp3'}	But what should I do, I cannot do it in this month of Ramzan, Neither I am working nor going outside, then he should bear it.	2	0	twenties	male	United States English	en		
b518f1e920e6c7546ffcc2bf712d1f6bbe681011d98cf49baf721aeb7edace4becc90d9ca3a1263694a2a06555264d6791e28c1f6110d128e4ce1c2807169ce7	/home/wilke18/.cache/huggingface/datasets/downloads/extracted/2f07f6b18ade7411393cb2a6bb7c3ef20e578b5c218cbc968b94e032b27daea0/en_train_8/common_voice_en_533661.mp3	{'bytes': None, 'path': '/home/wilke18/.cache/huggingface/datasets/downloads/extracted/2f07f6b18ade7411393cb2a6bb7c3ef20e578b5c218cbc968b94e032b27daea0/en_train_8/common_voice_en_533661.mp3'}	A man with a determined look on his face holds a small wooden hammer while wearing a bib displaying a large red crab another red crustacean held in his hand while another man sits and holds some food behind him	2	0	fifties	male		en		
42dbccb16fa1ce50253a96dee532a7c4030f9daa92599271e4c0692efc8e58f669205bbcedf0ddf1f51f1e5753260ad39f6e0a5e6f85d5d24b3c5b3a20114c4c	/home/wilke18/.cache/huggingface/datasets/downloads/extracted/2f07f6b18ade7411393cb2a6bb7c3ef20e578b5c218cbc968b94e032b27daea0/en_train_8/common_voice_en_26008777.mp3	{'bytes': None, 'path': '/home/wilke18/.cache/huggingface/datasets/downloads/extracted/2f07f6b18ade7411393cb2a6bb7c3ef20e578b5c218cbc968b94e032b27daea0/en_train_8/common_voice_en_26008777.mp3'}	Nachai, also known as offering marriage or proposing, is the first ritual of Three Letters and Six Rites in the wedding traditions of the Chinese Han culture.	2	0	thirties	male	India and South Asia (India, Pakistan, Sri Lanka)	en		
037358930ac540ce75784256d359bcf7507c416dd4f95eca0cd9afb74b99e5cfea6483120000796d2b696c69a7054cb0709c5f6a860e1496f00ca0906262e9bf	/home/wilke18/.cache/huggingface/datasets/downloads/extracted/2f07f6b18ade7411393cb2a6bb7c3ef20e578b5c218cbc968b94e032b27daea0/en_train_8/common_voice_en_26251101.mp3	{'bytes': None, 'path': '/home/wilke18/.cache/huggingface/datasets/downloads/extracted/2f07f6b18ade7411393cb2a6bb7c3ef20e578b5c218cbc968b94e032b27daea0/en_train_8/common_voice_en_26251101.mp3'}	To complete his eccentric outfit not adequate for a morning, the young man was wearing suede bright yellow gloves and on the neck he was wearing a white silk handkerchief.	2	0				en		
59b3214dbd1d0abd5030251e79ad80b39fafb638d82051c42625ab60dbaf3d1723fba4cac61d9e5af85ee67278791b20b074e15d8a9a5ea245a4f3e2f8933ec8	/home/wilke18/.cache/huggingface/datasets/downloads/extracted/77300470ed64d4c93f254be252025ac53b75d5329bde3fefc872f0b0f7a3b544/en_train_9/common_voice_en_26025247.mp3	{'bytes': None, 'path': '/home/wilke18/.cache/huggingface/datasets/downloads/extracted/77300470ed64d4c93f254be252025ac53b75d5329bde3fefc872f0b0f7a3b544/en_train_9/common_voice_en_26025247.mp3'}	Though in this world, those who listen to words of wisdom which is the food of the ear are equal to gods who are offered the food of sacrifices.	2	0	teens	female	United States English	en		
88f285ed330ccf87f36f7c15322aa8ce6adc8271417e263818dcc4b32d29445395af5e82de04422eadd5b63305a4971d783ac020d613dbe8f42146a83637f722	/home/wilke18/.cache/huggingface/datasets/downloads/extracted/77300470ed64d4c93f254be252025ac53b75d5329bde3fefc872f0b0f7a3b544/en_train_9/common_voice_en_25958502.mp3	{'bytes': None, 'path': '/home/wilke18/.cache/huggingface/datasets/downloads/extracted/77300470ed64d4c93f254be252025ac53b75d5329bde3fefc872f0b0f7a3b544/en_train_9/common_voice_en_25958502.mp3'}	The Chinese government decided that the ministry of foreign affairs of the central people's government and the northeast people's government should study the specific issue of accepting the prisoners of war together.	2	0				en		
b1565d502a63f87135de54da031399e90a5afc0f0cfd246bb4cb6b5d2f077aa76320dc2bac7022fd2893e5c52f488fc935a82dd24bc6ba0db45f09a02e97b6de	/home/wilke18/.cache/huggingface/datasets/downloads/extracted/77300470ed64d4c93f254be252025ac53b75d5329bde3fefc872f0b0f7a3b544/en_train_9/common_voice_en_610247.mp3	{'bytes': None, 'path': '/home/wilke18/.cache/huggingface/datasets/downloads/extracted/77300470ed64d4c93f254be252025ac53b75d5329bde3fefc872f0b0f7a3b544/en_train_9/common_voice_en_610247.mp3'}	Dancers of varying ages on a stage little girls in pink and white older girls in pink and green holding up bows and girls with white pants and Asian inspired tops	2	1	fourties	male	United States English	en		
6403b6699e25e61478215eea5120eae264dbd9ed41b38e115c6265985a7fae420358e20d4c0336b959e7dd788de9ab4d04c8e82eca6518f8ab98e94932eb1ee3	/home/wilke18/.cache/huggingface/datasets/downloads/extracted/77300470ed64d4c93f254be252025ac53b75d5329bde3fefc872f0b0f7a3b544/en_train_9/common_voice_en_25985418.mp3	{'bytes': None, 'path': '/home/wilke18/.cache/huggingface/datasets/downloads/extracted/77300470ed64d4c93f254be252025ac53b75d5329bde3fefc872f0b0f7a3b544/en_train_9/common_voice_en_25985418.mp3'}	Ba La is the last governor of the White Horde.After his five years’ reign, Ba La is died because he failed to fight against the King Horde.	2	0	twenties	male	United States English	en		
a10753df0e8ac187b68b6199cee91ad2ad6428ddc405bd87720f8b9a89db37549e9f3e38154b426aaaa9afa03c94f6db66062225cd3c0e22a47fb52f2cc2cf39	/home/wilke18/.cache/huggingface/datasets/downloads/extracted/77300470ed64d4c93f254be252025ac53b75d5329bde3fefc872f0b0f7a3b544/en_train_9/common_voice_en_25947301.mp3	{'bytes': None, 'path': '/home/wilke18/.cache/huggingface/datasets/downloads/extracted/77300470ed64d4c93f254be252025ac53b75d5329bde3fefc872f0b0f7a3b544/en_train_9/common_voice_en_25947301.mp3'}	The hat stays well in place, and the ears are covered even when the child wears a hoodie or is still a baby in the carriage.	2	0	teens	female		en		
21086f813c6e97da2e12caeb33f71db3f1416619c2b4db842a3991cbfa7253fe653d350a0f953b99f251d35ea4995a6eeae27845421a5c89258ac4bf5dd3a715	/home/wilke18/.cache/huggingface/datasets/downloads/extracted/d2bde7946d48d11a29905b37bd205e8fe25e1dd3ca840931fc15c668b5971c0c/en_train_10/common_voice_en_25928018.mp3	{'bytes': None, 'path': '/home/wilke18/.cache/huggingface/datasets/downloads/extracted/d2bde7946d48d11a29905b37bd205e8fe25e1dd3ca840931fc15c668b5971c0c/en_train_10/common_voice_en_25928018.mp3'}	The conduction shall be made of PVC of three hundred and fifteen millimeters and ten atmospheres of pressure with a total length of two hundred and forty-three meters.	2	0	twenties	male		en		
6d5cdb8eca32582afba252f79be061e4a864d75c4b18198f31f0773e9cae3d162745a0071fb466906cd7cab7c6cc5544a9bd4900ca702d1a54c662ae2e0572e9	/home/wilke18/.cache/huggingface/datasets/downloads/extracted/d2bde7946d48d11a29905b37bd205e8fe25e1dd3ca840931fc15c668b5971c0c/en_train_10/common_voice_en_508640.mp3	{'bytes': None, 'path': '/home/wilke18/.cache/huggingface/datasets/downloads/extracted/d2bde7946d48d11a29905b37bd205e8fe25e1dd3ca840931fc15c668b5971c0c/en_train_10/common_voice_en_508640.mp3'}	An older man in a light green shirt and dark green pants holds the hand of an older woman as they pass an outside eatery with teal umbrellas	3	1	teens	male	United States English	en		
6d5cdb8eca32582afba252f79be061e4a864d75c4b18198f31f0773e9cae3d162745a0071fb466906cd7cab7c6cc5544a9bd4900ca702d1a54c662ae2e0572e9	/home/wilke18/.cache/huggingface/datasets/downloads/extracted/d2bde7946d48d11a29905b37bd205e8fe25e1dd3ca840931fc15c668b5971c0c/en_train_10/common_voice_en_508680.mp3	{'bytes': None, 'path': '/home/wilke18/.cache/huggingface/datasets/downloads/extracted/d2bde7946d48d11a29905b37bd205e8fe25e1dd3ca840931fc15c668b5971c0c/en_train_10/common_voice_en_508680.mp3'}	A boy in jeans is sitting on rocks while an older women in a red top holding a straw hat stands behind him on the rocks which is next to a lake	2	1	teens	male	United States English	en		
77e69d5eefffe0cc78dcca34fc1a8031503da2e72b72bc0ae87a885b6969068ace196a5ecb275f9603355617c3c760cde0e15a892608599e5059e231c167d557	/home/wilke18/.cache/huggingface/datasets/downloads/extracted/74a26553109861550be6ee2d1e8081f741b9b929a18303bab573595595e91e48/en_train_11/common_voice_en_26014845.mp3	{'bytes': None, 'path': '/home/wilke18/.cache/huggingface/datasets/downloads/extracted/74a26553109861550be6ee2d1e8081f741b9b929a18303bab573595595e91e48/en_train_11/common_voice_en_26014845.mp3'}	With the argument of “opposing Manchurian” and the argument of “destroying Han” to stimulate the Han people, reflected the crafty and treacherous wedge between two parties.	2	0				en		
7968b79cb716da6f508d7b3206fd84c65f00ca09b70256a894b7ce6203bc59beeaad5c11ecf7c1d1302c05da7c412391ed5923577b3b568ca1379ddb3845895e	/home/wilke18/.cache/huggingface/datasets/downloads/extracted/74a26553109861550be6ee2d1e8081f741b9b929a18303bab573595595e91e48/en_train_11/common_voice_en_551663.mp3	{'bytes': None, 'path': '/home/wilke18/.cache/huggingface/datasets/downloads/extracted/74a26553109861550be6ee2d1e8081f741b9b929a18303bab573595595e91e48/en_train_11/common_voice_en_551663.mp3'}	A little girl in the foreground and an older boy also in the foreground in front of a mobile home with a few adults in the background	2	0	thirties	male	United States English	en		
15c9a27423e3748c7d3e74adb4de24079009805c158d1c40d65730da91a1637add9e4c85d7861e426a2d50befd0132a28996cfb50efe6ae8f0969247718a4651	/home/wilke18/.cache/huggingface/datasets/downloads/extracted/4ac0ea9784cd87cce28e02cbdffa1542deae28c89dfce037fbb6ecd1cb26cf22/en_train_12/common_voice_en_25894069.mp3	{'bytes': None, 'path': '/home/wilke18/.cache/huggingface/datasets/downloads/extracted/4ac0ea9784cd87cce28e02cbdffa1542deae28c89dfce037fbb6ecd1cb26cf22/en_train_12/common_voice_en_25894069.mp3'}	Behind him, with the military armor and his helmet underarm, there was a young man with the same hair as his father but with eyes the same color of the ice, who could have been described as a handsome man.	2	0	teens	male	England English	en		
15c9a27423e3748c7d3e74adb4de24079009805c158d1c40d65730da91a1637add9e4c85d7861e426a2d50befd0132a28996cfb50efe6ae8f0969247718a4651	/home/wilke18/.cache/huggingface/datasets/downloads/extracted/4ac0ea9784cd87cce28e02cbdffa1542deae28c89dfce037fbb6ecd1cb26cf22/en_train_12/common_voice_en_25894137.mp3	{'bytes': None, 'path': '/home/wilke18/.cache/huggingface/datasets/downloads/extracted/4ac0ea9784cd87cce28e02cbdffa1542deae28c89dfce037fbb6ecd1cb26cf22/en_train_12/common_voice_en_25894137.mp3'}	The best time of the year to try the new wine is around Saint Martin’s day. By New Year’s Eve it will not be so good.	2	0	teens	male	England English	en		
15c9a27423e3748c7d3e74adb4de24079009805c158d1c40d65730da91a1637add9e4c85d7861e426a2d50befd0132a28996cfb50efe6ae8f0969247718a4651	/home/wilke18/.cache/huggingface/datasets/downloads/extracted/4ac0ea9784cd87cce28e02cbdffa1542deae28c89dfce037fbb6ecd1cb26cf22/en_train_12/common_voice_en_25894375.mp3	{'bytes': None, 'path': '/home/wilke18/.cache/huggingface/datasets/downloads/extracted/4ac0ea9784cd87cce28e02cbdffa1542deae28c89dfce037fbb6ecd1cb26cf22/en_train_12/common_voice_en_25894375.mp3'}	According to Margus Kohava, it is not possible to speak about the actual effects until the possible location of the factory and the chosen technology that is the basis of the evaluation is available.	2	0	teens	male	England English	en		
5384c78ab1e314bed9167e12b3922c2b4c2b917c9361ba35f30f3630cca64be9ae2570fc2766c78440ec1ec4a43df12cbfa897dcbe5a779c4ad0808e463b5ebc	/home/wilke18/.cache/huggingface/datasets/downloads/extracted/4ac0ea9784cd87cce28e02cbdffa1542deae28c89dfce037fbb6ecd1cb26cf22/en_train_12/common_voice_en_25905943.mp3	{'bytes': None, 'path': '/home/wilke18/.cache/huggingface/datasets/downloads/extracted/4ac0ea9784cd87cce28e02cbdffa1542deae28c89dfce037fbb6ecd1cb26cf22/en_train_12/common_voice_en_25905943.mp3'}	He was afraid of going on, and he abandoned himself with the exhaustion of the one who falls behind and who throws himself to the ground knowing he will die.	2	0	thirties	male	United States English	en		
5384c78ab1e314bed9167e12b3922c2b4c2b917c9361ba35f30f3630cca64be9ae2570fc2766c78440ec1ec4a43df12cbfa897dcbe5a779c4ad0808e463b5ebc	/home/wilke18/.cache/huggingface/datasets/downloads/extracted/4ac0ea9784cd87cce28e02cbdffa1542deae28c89dfce037fbb6ecd1cb26cf22/en_train_12/common_voice_en_25905992.mp3	{'bytes': None, 'path': '/home/wilke18/.cache/huggingface/datasets/downloads/extracted/4ac0ea9784cd87cce28e02cbdffa1542deae28c89dfce037fbb6ecd1cb26cf22/en_train_12/common_voice_en_25905992.mp3'}	He went to formalize the victory with a friend, because the ticket was bought on the initiative of the friend and with the friends ID card.	2	1	thirties	male	United States English	en		
f9d17d5fecc6c216daa7fb98de62bf53b2ff961e9d3386e24ddb6f44eca0938b2c14c74de815a96b6135073382c31d291e93d10f145c2e763f8f4fbee6c5d54c	/home/wilke18/.cache/huggingface/datasets/downloads/extracted/4ac0ea9784cd87cce28e02cbdffa1542deae28c89dfce037fbb6ecd1cb26cf22/en_train_12/common_voice_en_25990301.mp3	{'bytes': None, 'path': '/home/wilke18/.cache/huggingface/datasets/downloads/extracted/4ac0ea9784cd87cce28e02cbdffa1542deae28c89dfce037fbb6ecd1cb26cf22/en_train_12/common_voice_en_25990301.mp3'}	Not only they/he /she drank all night long, slept for a whole day, interfered people’s assembly and now as it’s not enough, they /he/she dare to shame and curse.	2	1	twenties	female		en		
7d9d8ccf4626da839b01c03f960709f6cedbb924637ff9b911869c6e2eb596e590118425d6592dac712e59fffd184419735341d912bd8a2eb08086a84c2b1f30	/home/wilke18/.cache/huggingface/datasets/downloads/extracted/4ac0ea9784cd87cce28e02cbdffa1542deae28c89dfce037fbb6ecd1cb26cf22/en_train_12/common_voice_en_26021397.mp3	{'bytes': None, 'path': '/home/wilke18/.cache/huggingface/datasets/downloads/extracted/4ac0ea9784cd87cce28e02cbdffa1542deae28c89dfce037fbb6ecd1cb26cf22/en_train_12/common_voice_en_26021397.mp3'}	I tried to write down a few arguments on a sheet of paper to defend the question of the speech synthesis for Breton, thinking I’d send them to the guys at the Region.	2	0	twenties	male	United States English	en		
9e9081b9bdf3e0a0e94f318f3e7b554a6b04dfaa1ee799564e55a70099b461ece00fcef86aa34f02fc316ea91e1f1335ec8639cab1622560badf8924ea1fe858	/home/wilke18/.cache/huggingface/datasets/downloads/extracted/4ac0ea9784cd87cce28e02cbdffa1542deae28c89dfce037fbb6ecd1cb26cf22/en_train_12/common_voice_en_25888367.mp3	{'bytes': None, 'path': '/home/wilke18/.cache/huggingface/datasets/downloads/extracted/4ac0ea9784cd87cce28e02cbdffa1542deae28c89dfce037fbb6ecd1cb26cf22/en_train_12/common_voice_en_25888367.mp3'}	According to him, it was decided to set up a test section in order to try out different technological applications on different landscape types in order to achieve the best result for the whole.	2	1	twenties	male		en		
03b8322763fc39ed1f83eb4b16545d481cb8c108d2820c57890a6fdf342bed7aed78324baf9dabdca7ccb2ed99c3f36a1f3ff0c152ebab8be9a581ec94ab9d37	/home/wilke18/.cache/huggingface/datasets/downloads/extracted/8783b282883751e0eb1046e752bdf29c2f222a087fbd479d5a1c7e23a079a52d/en_train_13/common_voice_en_25890176.mp3	{'bytes': None, 'path': '/home/wilke18/.cache/huggingface/datasets/downloads/extracted/8783b282883751e0eb1046e752bdf29c2f222a087fbd479d5a1c7e23a079a52d/en_train_13/common_voice_en_25890176.mp3'}	Wang Zhang was broke when he was young. He devoted himself to learning. He won scholar title at twelfth year of Daoguang, and then he never succeeds again.	2	0				en		
aa6a3aa058c055c002460ec3d6f0e7c8d8980340aace24f949c92d201336f60d62fb7dc3b6f0033ef14dbe8f9338a8409b3f1c22d741be34c95a93b3e959cf32	/home/wilke18/.cache/huggingface/datasets/downloads/extracted/0d29b9d5d7cd9c390e97479143493331b88b8c2dfdcd843359484c7451177b8e/en_train_14/common_voice_en_33790.mp3	{'bytes': None, 'path': '/home/wilke18/.cache/huggingface/datasets/downloads/extracted/0d29b9d5d7cd9c390e97479143493331b88b8c2dfdcd843359484c7451177b8e/en_train_14/common_voice_en_33790.mp3'}	A woman in a flowing blue robe with a white wave pattern is dancing in front of a large brick building with other dancers similarly attired in the background	4	0	twenties	male	United States English	en		
e6d7f6267e35209974914a2468b3a9d604eef31fef16db546c92b3fe5eae899e02d2aa669071a9d56b9385a88c82c680c47b9e8328897d7e93b4c057c1305909	/home/wilke18/.cache/huggingface/datasets/downloads/extracted/6805142c1629a0d7ef04b1b8569a2c97236ce0d69fc2a7f76ccec15ff7ec5948/en_train_15/common_voice_en_26013617.mp3	{'bytes': None, 'path': '/home/wilke18/.cache/huggingface/datasets/downloads/extracted/6805142c1629a0d7ef04b1b8569a2c97236ce0d69fc2a7f76ccec15ff7ec5948/en_train_15/common_voice_en_26013617.mp3'}	Note: if the knockout game is not decided, the final score of twelve yards is not included in the game and the whole game is considered as a draw.	2	0	twenties	female	Canadian English	en		
914a61e8b5c5b088c9384cf189c5e31833916af4d67de55241a55da45b816ccb51844ab685c5cf16a9144eb0fcb9c65ae969ecbb7fd371371aa04686e27b8ab4	/home/wilke18/.cache/huggingface/datasets/downloads/extracted/6805142c1629a0d7ef04b1b8569a2c97236ce0d69fc2a7f76ccec15ff7ec5948/en_train_15/common_voice_en_671813.mp3	{'bytes': None, 'path': '/home/wilke18/.cache/huggingface/datasets/downloads/extracted/6805142c1629a0d7ef04b1b8569a2c97236ce0d69fc2a7f76ccec15ff7ec5948/en_train_15/common_voice_en_671813.mp3'}	An older man with a white beard stands in front of a store while wearing a brown shirt with a name tag while holding a soda	2	0	twenties	male	United States English	en		
914a61e8b5c5b088c9384cf189c5e31833916af4d67de55241a55da45b816ccb51844ab685c5cf16a9144eb0fcb9c65ae969ecbb7fd371371aa04686e27b8ab4	/home/wilke18/.cache/huggingface/datasets/downloads/extracted/6805142c1629a0d7ef04b1b8569a2c97236ce0d69fc2a7f76ccec15ff7ec5948/en_train_15/common_voice_en_671816.mp3	{'bytes': None, 'path': '/home/wilke18/.cache/huggingface/datasets/downloads/extracted/6805142c1629a0d7ef04b1b8569a2c97236ce0d69fc2a7f76ccec15ff7ec5948/en_train_15/common_voice_en_671816.mp3'}	A little girl wearing a pink sundress and a big smile with blondhair strapped on the carousel horse with an orange seat belt taking a ride with Nemo and the crowd in the background	2	0	twenties	male	United States English	en		
914a61e8b5c5b088c9384cf189c5e31833916af4d67de55241a55da45b816ccb51844ab685c5cf16a9144eb0fcb9c65ae969ecbb7fd371371aa04686e27b8ab4	/home/wilke18/.cache/huggingface/datasets/downloads/extracted/6805142c1629a0d7ef04b1b8569a2c97236ce0d69fc2a7f76ccec15ff7ec5948/en_train_15/common_voice_en_671868.mp3	{'bytes': None, 'path': '/home/wilke18/.cache/huggingface/datasets/downloads/extracted/6805142c1629a0d7ef04b1b8569a2c97236ce0d69fc2a7f76ccec15ff7ec5948/en_train_15/common_voice_en_671868.mp3'}	A man wearing a blue shirt is on the bottom floor facing a motorcycle while a woman wearing black with a beige apron is on the second floor looking down	2	0	twenties	male	United States English	en		
914a61e8b5c5b088c9384cf189c5e31833916af4d67de55241a55da45b816ccb51844ab685c5cf16a9144eb0fcb9c65ae969ecbb7fd371371aa04686e27b8ab4	/home/wilke18/.cache/huggingface/datasets/downloads/extracted/6805142c1629a0d7ef04b1b8569a2c97236ce0d69fc2a7f76ccec15ff7ec5948/en_train_15/common_voice_en_671880.mp3	{'bytes': None, 'path': '/home/wilke18/.cache/huggingface/datasets/downloads/extracted/6805142c1629a0d7ef04b1b8569a2c97236ce0d69fc2a7f76ccec15ff7ec5948/en_train_15/common_voice_en_671880.mp3'}	A woman in a red tank top is cutting a hamburger in half with a spatula while opening or closing a drawer with the other hand	2	0	twenties	male	United States English	en		
914a61e8b5c5b088c9384cf189c5e31833916af4d67de55241a55da45b816ccb51844ab685c5cf16a9144eb0fcb9c65ae969ecbb7fd371371aa04686e27b8ab4	/home/wilke18/.cache/huggingface/datasets/downloads/extracted/6805142c1629a0d7ef04b1b8569a2c97236ce0d69fc2a7f76ccec15ff7ec5948/en_train_15/common_voice_en_671942.mp3	{'bytes': None, 'path': '/home/wilke18/.cache/huggingface/datasets/downloads/extracted/6805142c1629a0d7ef04b1b8569a2c97236ce0d69fc2a7f76ccec15ff7ec5948/en_train_15/common_voice_en_671942.mp3'}	A Indian sitting in the floor of a room with sun shining in on her back side she is wearing a black shirt red scarf and working yarn through her fingers	2	1	twenties	male	United States English	en		
914a61e8b5c5b088c9384cf189c5e31833916af4d67de55241a55da45b816ccb51844ab685c5cf16a9144eb0fcb9c65ae969ecbb7fd371371aa04686e27b8ab4	/home/wilke18/.cache/huggingface/datasets/downloads/extracted/6805142c1629a0d7ef04b1b8569a2c97236ce0d69fc2a7f76ccec15ff7ec5948/en_train_15/common_voice_en_671960.mp3	{'bytes': None, 'path': '/home/wilke18/.cache/huggingface/datasets/downloads/extracted/6805142c1629a0d7ef04b1b8569a2c97236ce0d69fc2a7f76ccec15ff7ec5948/en_train_15/common_voice_en_671960.mp3'}	Three young children wearing winter coats and hats ride on the front end of a bicycle built for four while a blond adult wearing a black coat rides on the backseat	2	0	twenties	male	United States English	en		
914a61e8b5c5b088c9384cf189c5e31833916af4d67de55241a55da45b816ccb51844ab685c5cf16a9144eb0fcb9c65ae969ecbb7fd371371aa04686e27b8ab4	/home/wilke18/.cache/huggingface/datasets/downloads/extracted/6805142c1629a0d7ef04b1b8569a2c97236ce0d69fc2a7f76ccec15ff7ec5948/en_train_15/common_voice_en_671995.mp3	{'bytes': None, 'path': '/home/wilke18/.cache/huggingface/datasets/downloads/extracted/6805142c1629a0d7ef04b1b8569a2c97236ce0d69fc2a7f76ccec15ff7ec5948/en_train_15/common_voice_en_671995.mp3'}	A man in jeans a white tshirt and jeans and a woman wearing a blue top and jeans dance together on a street at a fair	2	0	twenties	male	United States English	en		
914a61e8b5c5b088c9384cf189c5e31833916af4d67de55241a55da45b816ccb51844ab685c5cf16a9144eb0fcb9c65ae969ecbb7fd371371aa04686e27b8ab4	/home/wilke18/.cache/huggingface/datasets/downloads/extracted/6805142c1629a0d7ef04b1b8569a2c97236ce0d69fc2a7f76ccec15ff7ec5948/en_train_15/common_voice_en_672004.mp3	{'bytes': None, 'path': '/home/wilke18/.cache/huggingface/datasets/downloads/extracted/6805142c1629a0d7ef04b1b8569a2c97236ce0d69fc2a7f76ccec15ff7ec5948/en_train_15/common_voice_en_672004.mp3'}	A woman dressed as a clown tries to get the attention of three disinterested strangers as they all sit on a bench in an outside shopping mall	2	0	twenties	male	United States English	en		
914a61e8b5c5b088c9384cf189c5e31833916af4d67de55241a55da45b816ccb51844ab685c5cf16a9144eb0fcb9c65ae969ecbb7fd371371aa04686e27b8ab4	/home/wilke18/.cache/huggingface/datasets/downloads/extracted/6805142c1629a0d7ef04b1b8569a2c97236ce0d69fc2a7f76ccec15ff7ec5948/en_train_15/common_voice_en_672066.mp3	{'bytes': None, 'path': '/home/wilke18/.cache/huggingface/datasets/downloads/extracted/6805142c1629a0d7ef04b1b8569a2c97236ce0d69fc2a7f76ccec15ff7ec5948/en_train_15/common_voice_en_672066.mp3'}	A man wearing a red shirt brown shorts and red and white Nikes is jumping in the air to hit a tennis ball on a court	2	0	twenties	male	United States English	en		
914a61e8b5c5b088c9384cf189c5e31833916af4d67de55241a55da45b816ccb51844ab685c5cf16a9144eb0fcb9c65ae969ecbb7fd371371aa04686e27b8ab4	/home/wilke18/.cache/huggingface/datasets/downloads/extracted/6805142c1629a0d7ef04b1b8569a2c97236ce0d69fc2a7f76ccec15ff7ec5948/en_train_15/common_voice_en_672156.mp3	{'bytes': None, 'path': '/home/wilke18/.cache/huggingface/datasets/downloads/extracted/6805142c1629a0d7ef04b1b8569a2c97236ce0d69fc2a7f76ccec15ff7ec5948/en_train_15/common_voice_en_672156.mp3'}	A man with an open blue shirt is performing a dance move with a woman in purple that entails the woman bending backwards while the man holds her	2	0	twenties	male	United States English	en		
914a61e8b5c5b088c9384cf189c5e31833916af4d67de55241a55da45b816ccb51844ab685c5cf16a9144eb0fcb9c65ae969ecbb7fd371371aa04686e27b8ab4	/home/wilke18/.cache/huggingface/datasets/downloads/extracted/6805142c1629a0d7ef04b1b8569a2c97236ce0d69fc2a7f76ccec15ff7ec5948/en_train_15/common_voice_en_672177.mp3	{'bytes': None, 'path': '/home/wilke18/.cache/huggingface/datasets/downloads/extracted/6805142c1629a0d7ef04b1b8569a2c97236ce0d69fc2a7f76ccec15ff7ec5948/en_train_15/common_voice_en_672177.mp3'}	A many in an orange tshirt tan shorts and tan and black baseball cap is moving a tall metal cart with sheets of pretzels that is surrounded by similar carts	2	0	twenties	male	United States English	en		
914a61e8b5c5b088c9384cf189c5e31833916af4d67de55241a55da45b816ccb51844ab685c5cf16a9144eb0fcb9c65ae969ecbb7fd371371aa04686e27b8ab4	/home/wilke18/.cache/huggingface/datasets/downloads/extracted/6805142c1629a0d7ef04b1b8569a2c97236ce0d69fc2a7f76ccec15ff7ec5948/en_train_15/common_voice_en_672231.mp3	{'bytes': None, 'path': '/home/wilke18/.cache/huggingface/datasets/downloads/extracted/6805142c1629a0d7ef04b1b8569a2c97236ce0d69fc2a7f76ccec15ff7ec5948/en_train_15/common_voice_en_672231.mp3'}	A small boy wearing a blue and white jacket is sitting on a brick cleaning a woman s shoes while a man with a broom and dustpan watches	2	0	twenties	male	United States English	en		
be4d7b662c8e9709ee944a0c35d50c677df5cf01373a264e5f7f7b2e0bb74ef2f94720cb3f0af211309f65281dbb6ac3a5cd5014ce275154d04edd2ff1275729	/home/wilke18/.cache/huggingface/datasets/downloads/extracted/75845c30e2d3bcc018bf4de918cb170ce45c80c5e1c9aae727e91754f188776b/en_train_16/common_voice_en_26108249.mp3	{'bytes': None, 'path': '/home/wilke18/.cache/huggingface/datasets/downloads/extracted/75845c30e2d3bcc018bf4de918cb170ce45c80c5e1c9aae727e91754f188776b/en_train_16/common_voice_en_26108249.mp3'}	Now this old veteran whishes to meet up and talk to another veteran, who had been in the same war on the other side of the front line.	2	0			England English	en		
be4d6c000ddacd19ce5d0d7d805ded4aa11a6c541742bdf49e09970b65814e16fa6fbb17e5300ef78c573a14070f9cf0875afb39393d857e469d0e92899c016c	/home/wilke18/.cache/huggingface/datasets/downloads/extracted/75845c30e2d3bcc018bf4de918cb170ce45c80c5e1c9aae727e91754f188776b/en_train_16/common_voice_en_514162.mp3	{'bytes': None, 'path': '/home/wilke18/.cache/huggingface/datasets/downloads/extracted/75845c30e2d3bcc018bf4de918cb170ce45c80c5e1c9aae727e91754f188776b/en_train_16/common_voice_en_514162.mp3'}	A ribbon dancer wearing a neon pink and green outfit with only one left white sleeve leaps high into the air throwing her ribbon out before her in a c shape	2	0	fourties	male	Canadian English	en		
e2292237c77b576132df4cdbb79155e854aeff199c96095ab6db95684d8fa140ff1f42fe9cf87b811f15ce8039d6563a304b507926ca4a641d04765a70b79d91	/home/wilke18/.cache/huggingface/datasets/downloads/extracted/8c0afc2a52f9c50628364d4d9ade7639819163e5e70a170d7b42352d5d30d51d/en_train_17/common_voice_en_26161861.mp3	{'bytes': None, 'path': '/home/wilke18/.cache/huggingface/datasets/downloads/extracted/8c0afc2a52f9c50628364d4d9ade7639819163e5e70a170d7b42352d5d30d51d/en_train_17/common_voice_en_26161861.mp3'}	Unfortunately some local governments went to the trenches and walled themselves off, saying that they are not willing to participate in this nor do they have any faith in this, hoping even now that the reform would not happen.	2	0	thirties	male	United States English	en		
90295c02b177679e5f97729c8abc0128f1a7d045e94c2c30385a0d3f88bb3d18e900a7949ade79cbe1588a4d56fe0dd3f7c0a13f31c444b108e87d1739a69b8a	/home/wilke18/.cache/huggingface/datasets/downloads/extracted/8c0afc2a52f9c50628364d4d9ade7639819163e5e70a170d7b42352d5d30d51d/en_train_17/common_voice_en_26224363.mp3	{'bytes': None, 'path': '/home/wilke18/.cache/huggingface/datasets/downloads/extracted/8c0afc2a52f9c50628364d4d9ade7639819163e5e70a170d7b42352d5d30d51d/en_train_17/common_voice_en_26224363.mp3'}	Is this an intangible market potential raising and sales boosting brand or is it a measurable asset, which is shown or could easily be shown on the balance sheet?	2	0			Canadian English	en		
1eff4631dc269207618994527c66eb15c32fe75cdd16f377e1d46d17ffc037100b75d92cd77f84caa6ebee2c8542164edcaa42c3ac4a4548208a6ed93eeb1a66	/home/wilke18/.cache/huggingface/datasets/downloads/extracted/2bdaf064913fe944fab287c4118df010b0de605677663780a11d718a4c28b37d/en_train_18/common_voice_en_25882420.mp3	{'bytes': None, 'path': '/home/wilke18/.cache/huggingface/datasets/downloads/extracted/2bdaf064913fe944fab287c4118df010b0de605677663780a11d718a4c28b37d/en_train_18/common_voice_en_25882420.mp3'}	Which doesn’t prevent me from having a gentle heart, that feels moved when I see a little bird in the snow or an English person with no food for a whole three hours.	2	1			United States English	en		
3447120ac93b7c7788687c259b7f55058804e4982c36174a9a0af762495a6c2310915d2b10562a1f75255d5b0a18eefb304ef7b042006d96d83158f22d238de8	/home/wilke18/.cache/huggingface/datasets/downloads/extracted/2bdaf064913fe944fab287c4118df010b0de605677663780a11d718a4c28b37d/en_train_18/common_voice_en_26013661.mp3	{'bytes': None, 'path': '/home/wilke18/.cache/huggingface/datasets/downloads/extracted/2bdaf064913fe944fab287c4118df010b0de605677663780a11d718a4c28b37d/en_train_18/common_voice_en_26013661.mp3'}	Li Shifang, style name as Weirong, a native of Wugong County, Qianzhou, Xi’an Prefecture, Shaanxi, military status, was a political figure and Jinshi in the Ming Dynasty.	2	0	twenties	male		en		
3447120ac93b7c7788687c259b7f55058804e4982c36174a9a0af762495a6c2310915d2b10562a1f75255d5b0a18eefb304ef7b042006d96d83158f22d238de8	/home/wilke18/.cache/huggingface/datasets/downloads/extracted/2bdaf064913fe944fab287c4118df010b0de605677663780a11d718a4c28b37d/en_train_18/common_voice_en_26080602.mp3	{'bytes': None, 'path': '/home/wilke18/.cache/huggingface/datasets/downloads/extracted/2bdaf064913fe944fab287c4118df010b0de605677663780a11d718a4c28b37d/en_train_18/common_voice_en_26080602.mp3'}	For the last two years it has been very difficult to do world-class skiing in Estonia and today has been very depressing to me as well.	2	0	twenties	male		en		
3447120ac93b7c7788687c259b7f55058804e4982c36174a9a0af762495a6c2310915d2b10562a1f75255d5b0a18eefb304ef7b042006d96d83158f22d238de8	/home/wilke18/.cache/huggingface/datasets/downloads/extracted/2bdaf064913fe944fab287c4118df010b0de605677663780a11d718a4c28b37d/en_train_18/common_voice_en_26125518.mp3	{'bytes': None, 'path': '/home/wilke18/.cache/huggingface/datasets/downloads/extracted/2bdaf064913fe944fab287c4118df010b0de605677663780a11d718a4c28b37d/en_train_18/common_voice_en_26125518.mp3'}	Probably we would like to get at least a little faith that this situation is temporary and at one point it will get better, and that someone cares about me.	2	0	twenties	male		en		
f4515060e7f480a24c0778e8f3d5d1d286ed616552851a6c3c9c6aee7303d249fbffd910c70869b7620fc33b38c8b618b934eeea78ef4cde3c1be1566b44501e	/home/wilke18/.cache/huggingface/datasets/downloads/extracted/5d659933737e21c80743451e8e1455a55974aed1fcc5f8a09eb493d83c429001/en_train_20/common_voice_en_25960708.mp3	{'bytes': None, 'path': '/home/wilke18/.cache/huggingface/datasets/downloads/extracted/5d659933737e21c80743451e8e1455a55974aed1fcc5f8a09eb493d83c429001/en_train_20/common_voice_en_25960708.mp3'}	Free public transport in the country would probably mean a better life for Sarapuu’s bus conglomerate, which is precisely offering a subsidized service in most counties.	2	0			United States English	en		
f4515060e7f480a24c0778e8f3d5d1d286ed616552851a6c3c9c6aee7303d249fbffd910c70869b7620fc33b38c8b618b934eeea78ef4cde3c1be1566b44501e	/home/wilke18/.cache/huggingface/datasets/downloads/extracted/5d659933737e21c80743451e8e1455a55974aed1fcc5f8a09eb493d83c429001/en_train_20/common_voice_en_26020881.mp3	{'bytes': None, 'path': '/home/wilke18/.cache/huggingface/datasets/downloads/extracted/5d659933737e21c80743451e8e1455a55974aed1fcc5f8a09eb493d83c429001/en_train_20/common_voice_en_26020881.mp3'}	When my friend Simon Pau neglects for several days to come see me at the Kosmograph, I go see him in the evening in Borgo Pio, at his Hotel of the Hawk.	2	0			United States English	en		
f4515060e7f480a24c0778e8f3d5d1d286ed616552851a6c3c9c6aee7303d249fbffd910c70869b7620fc33b38c8b618b934eeea78ef4cde3c1be1566b44501e	/home/wilke18/.cache/huggingface/datasets/downloads/extracted/5d659933737e21c80743451e8e1455a55974aed1fcc5f8a09eb493d83c429001/en_train_20/common_voice_en_26021380.mp3	{'bytes': None, 'path': '/home/wilke18/.cache/huggingface/datasets/downloads/extracted/5d659933737e21c80743451e8e1455a55974aed1fcc5f8a09eb493d83c429001/en_train_20/common_voice_en_26021380.mp3'}	The statue of the main hall is an enlarged version of the original statue of the king of the three mountains, while the inner hall is dedicated to the Sanbao Buddha.	2	0			United States English	en		
f4515060e7f480a24c0778e8f3d5d1d286ed616552851a6c3c9c6aee7303d249fbffd910c70869b7620fc33b38c8b618b934eeea78ef4cde3c1be1566b44501e	/home/wilke18/.cache/huggingface/datasets/downloads/extracted/5d659933737e21c80743451e8e1455a55974aed1fcc5f8a09eb493d83c429001/en_train_20/common_voice_en_26024129.mp3	{'bytes': None, 'path': '/home/wilke18/.cache/huggingface/datasets/downloads/extracted/5d659933737e21c80743451e8e1455a55974aed1fcc5f8a09eb493d83c429001/en_train_20/common_voice_en_26024129.mp3'}	The Kolga-Jaani congregation prepared a cozy communion table for the pastorate, around which every sister and brother spoke about their personal religious life and about their views.	2	0			United States English	en		
f4515060e7f480a24c0778e8f3d5d1d286ed616552851a6c3c9c6aee7303d249fbffd910c70869b7620fc33b38c8b618b934eeea78ef4cde3c1be1566b44501e	/home/wilke18/.cache/huggingface/datasets/downloads/extracted/5d659933737e21c80743451e8e1455a55974aed1fcc5f8a09eb493d83c429001/en_train_20/common_voice_en_26024465.mp3	{'bytes': None, 'path': '/home/wilke18/.cache/huggingface/datasets/downloads/extracted/5d659933737e21c80743451e8e1455a55974aed1fcc5f8a09eb493d83c429001/en_train_20/common_voice_en_26024465.mp3'}	The solution is the Boring Company, the company that digs underground tunnels in which wagons allow your car to travel extremely fast while avoiding annoying traffic.	2	0			United States English	en		
f4515060e7f480a24c0778e8f3d5d1d286ed616552851a6c3c9c6aee7303d249fbffd910c70869b7620fc33b38c8b618b934eeea78ef4cde3c1be1566b44501e	/home/wilke18/.cache/huggingface/datasets/downloads/extracted/5d659933737e21c80743451e8e1455a55974aed1fcc5f8a09eb493d83c429001/en_train_20/common_voice_en_26025727.mp3	{'bytes': None, 'path': '/home/wilke18/.cache/huggingface/datasets/downloads/extracted/5d659933737e21c80743451e8e1455a55974aed1fcc5f8a09eb493d83c429001/en_train_20/common_voice_en_26025727.mp3'}	The Foreign Minister admitted that the case of the ship guards which has been drawn out for too long is harming the relationship between Estonia and India.	2	0			United States English	en		
f4515060e7f480a24c0778e8f3d5d1d286ed616552851a6c3c9c6aee7303d249fbffd910c70869b7620fc33b38c8b618b934eeea78ef4cde3c1be1566b44501e	/home/wilke18/.cache/huggingface/datasets/downloads/extracted/5d659933737e21c80743451e8e1455a55974aed1fcc5f8a09eb493d83c429001/en_train_20/common_voice_en_26026013.mp3	{'bytes': None, 'path': '/home/wilke18/.cache/huggingface/datasets/downloads/extracted/5d659933737e21c80743451e8e1455a55974aed1fcc5f8a09eb493d83c429001/en_train_20/common_voice_en_26026013.mp3'}	In the third year of Emperor Wen of Sui Dynasty, Guangye county was abolished. Tonggu County and Guangchang county under the jurisdiction of Emperor Wen of Sui Dynasty were directly under Kangzhou.	2	0			United States English	en		
cea18d12298f2bbae520713a1cfcf05e63b2b9470dcc0adadabc81e69d8d57a0f3c22c06bc4f280d08b9084d3e16b22b3c5d60f7711c9db8dba0d3f53075a34e	/home/wilke18/.cache/huggingface/datasets/downloads/extracted/5d659933737e21c80743451e8e1455a55974aed1fcc5f8a09eb493d83c429001/en_train_20/common_voice_en_26040589.mp3	{'bytes': None, 'path': '/home/wilke18/.cache/huggingface/datasets/downloads/extracted/5d659933737e21c80743451e8e1455a55974aed1fcc5f8a09eb493d83c429001/en_train_20/common_voice_en_26040589.mp3'}	As it can be seen, a meritocratic system is applied and through it the responsible people is chosen based on their work contribution in the project.	2	1	fourties	female		en		
cea18d12298f2bbae520713a1cfcf05e63b2b9470dcc0adadabc81e69d8d57a0f3c22c06bc4f280d08b9084d3e16b22b3c5d60f7711c9db8dba0d3f53075a34e	/home/wilke18/.cache/huggingface/datasets/downloads/extracted/5d659933737e21c80743451e8e1455a55974aed1fcc5f8a09eb493d83c429001/en_train_20/common_voice_en_26230471.mp3	{'bytes': None, 'path': '/home/wilke18/.cache/huggingface/datasets/downloads/extracted/5d659933737e21c80743451e8e1455a55974aed1fcc5f8a09eb493d83c429001/en_train_20/common_voice_en_26230471.mp3'}	According to the plan, the urban areas in Beijing is made up of the central urban areas within about the four ring roads of Beijing and ten neighboring areas.	2	1	fourties	female		en		
468d6a3b83f807ed964c180ed893ac7c39f9ea1860213261ed075ce3f8c1403d77bc8157c3ab2548bfbc7885be878a423b004a77cf28a7289421937952069126	/home/wilke18/.cache/huggingface/datasets/downloads/extracted/5d659933737e21c80743451e8e1455a55974aed1fcc5f8a09eb493d83c429001/en_train_20/common_voice_en_26262786.mp3	{'bytes': None, 'path': '/home/wilke18/.cache/huggingface/datasets/downloads/extracted/5d659933737e21c80743451e8e1455a55974aed1fcc5f8a09eb493d83c429001/en_train_20/common_voice_en_26262786.mp3'}	In his youth, he did not join the army with his father, but chose to study for further education, and later graduated from the University of Barcelona.	2	0	twenties	male	England English	en		
676326c87aa78c1f40e08d889daa1fd464ddd46f57a6a0292b78dd73a17fe4a464b40e90e3c60d7ac0a18a036ff567166cc088aa1bc71cb2ecb89ec56b5012e2	/home/wilke18/.cache/huggingface/datasets/downloads/extracted/6a3d707826c80fb8286783707e5c52f8e26f88afa621270cca4adc157b0721aa/en_dev_0/common_voice_en_609126.mp3	{'bytes': None, 'path': '/home/wilke18/.cache/huggingface/datasets/downloads/extracted/6a3d707826c80fb8286783707e5c52f8e26f88afa621270cca4adc157b0721aa/en_dev_0/common_voice_en_609126.mp3'}	A beach with light blue water and homes built into the mountains in the background is bustling with people in the water and standing in the sand at the water s edge	2	1				en		
73fc6e1bd4f17cf3ddbabb5fd6324557b971aaeca68f893f6025b9cfedb89d1203400a8f12149cf6515e337c2ed3c1b3690ac9b8b0e0ee897c8f559dfced5475	/home/wilke18/.cache/huggingface/datasets/downloads/extracted/6a3d707826c80fb8286783707e5c52f8e26f88afa621270cca4adc157b0721aa/en_dev_0/common_voice_en_209153.mp3	{'bytes': None, 'path': '/home/wilke18/.cache/huggingface/datasets/downloads/extracted/6a3d707826c80fb8286783707e5c52f8e26f88afa621270cca4adc157b0721aa/en_dev_0/common_voice_en_209153.mp3'}	I use the directions North, South, West, and East to move to the top or bottom of a file and left or right within a line.	3	0				en		
99d803330705de290b203137f9895ee335b5848537e3cbbac5faac4b8eedbe7f490f9fcb577520fc452f6601429e06ab8c28c30f43dd2663ab3f19bbf33f5b8a	/home/wilke18/.cache/huggingface/datasets/downloads/extracted/6a3d707826c80fb8286783707e5c52f8e26f88afa621270cca4adc157b0721aa/en_dev_0/common_voice_en_594118.mp3	{'bytes': None, 'path': '/home/wilke18/.cache/huggingface/datasets/downloads/extracted/6a3d707826c80fb8286783707e5c52f8e26f88afa621270cca4adc157b0721aa/en_dev_0/common_voice_en_594118.mp3'}	A shirtless young man with a white cap and jean shorts is performing a trick on his skateboard in the foreground while a large number of young people are biking walking or sitting around	2	0				en		
9e6c36712216db62da8f70022eb4b39799ecd4d7ce0a0e1973e08c1700ef2bb1e635285273f30eca0ed666c032c27587724a6504a266d4e091037f1eb8fb09d5	/home/wilke18/.cache/huggingface/datasets/downloads/extracted/6a3d707826c80fb8286783707e5c52f8e26f88afa621270cca4adc157b0721aa/en_dev_0/common_voice_en_667880.mp3	{'bytes': None, 'path': '/home/wilke18/.cache/huggingface/datasets/downloads/extracted/6a3d707826c80fb8286783707e5c52f8e26f88afa621270cca4adc157b0721aa/en_dev_0/common_voice_en_667880.mp3'}	Female in a red shirt with a black and red veil walks with a young male in a orange tank top while following behind an older female in a black veil and skirt	2	0	twenties	male		en		
f0f4946537c14b7ee75ef08e57da2929b3377e680ef17c0e0aafd3265ab1eddc72a72fb796533f70a19144fae97952e70f9eca08d04800fdf2027cc809ef6b1e	/home/wilke18/.cache/huggingface/datasets/downloads/extracted/6a3d707826c80fb8286783707e5c52f8e26f88afa621270cca4adc157b0721aa/en_dev_0/common_voice_en_25975744.mp3	{'bytes': None, 'path': '/home/wilke18/.cache/huggingface/datasets/downloads/extracted/6a3d707826c80fb8286783707e5c52f8e26f88afa621270cca4adc157b0721aa/en_dev_0/common_voice_en_25975744.mp3'}	Watch the entertaining video of how the person in trouble are lifted up and what a wonderful view there is from the helicopter to the Kakumäe port!	2	0				en		
